{
  "name": "Comunicaciones Internas Mobile",
  "short_name": "Comunicaciones",
  "description": "PWA optimizada para Safari móvil",
  "start_url": "/safari-mobile-pwa.html",
  "display": "standalone",
  "orientation": "portrait",
  "background_color": "#667eea",
  "theme_color": "#667eea",
  "scope": "/",
  "lang": "es",
  "dir": "ltr",
  "categories": ["productivity", "business"],
  "prefer_related_applications": false,
  "icons": [
    {
      "src": "img/app-icon.svg",
      "sizes": "any",
      "type": "image/svg+xml",
      "purpose": "any maskable"
    },
    {
      "src": "img/app-icon.svg",
      "sizes": "192x192",
      "type": "image/svg+xml"
    },
    {
      "src": "img/app-icon.svg",
      "sizes": "512x512",
      "type": "image/svg+xml"
    }
  ],
  "screenshots": [],
  "shortcuts": [
    {
      "name": "Inicio",
      "short_name": "Inicio",
      "description": "Ir al inicio",
      "url": "/safari-mobile-pwa.html",
      "icons": [
        {
          "src": "img/app-icon.svg",
          "sizes": "96x96",
          "type": "image/svg+xml"
        }
      ]
    }
  ],
  "related_applications": [],
  "edge_side_panel": {
    "preferred_width": 400
  }
}