{
  "name": "Comunicaciones Internas",
  "short_name": "Comunicaciones",
  "description": "Sistema de comunicaciones internas con instalación automática",
  "start_url": "bienvenida-pwa.html",
  "display": "standalone",
  "background_color": "#667eea",
  "theme_color": "#2196F3",
  "orientation": "portrait-primary",
  "scope": "/",
  "lang": "es",
  "categories": ["business", "productivity"],
  "icons": [
    {
      "src": "img/app-icon.svg",
      "sizes": "any",
      "type": "image/svg+xml",
      "purpose": "any maskable"
    },
    {
      "src": "img/app-icon-192.png",
      "sizes": "192x192",
      "type": "image/png",
      "purpose": "any"
    },
    {
      "src": "img/app-icon-512.png",
      "sizes": "512x512",
      "type": "image/png",
      "purpose": "any"
    }
  ],
  "shortcuts": [
    {
      "name": "Acceso Directo",
      "short_name": "Inicio",
      "description": "Ir directamente a la aplicación",
      "url": "inicio-simple.html",
      "icons": [
        {
          "src": "img/app-icon-192.png",
          "sizes": "192x192"
        }
      ]
    }
  ],
  "prefer_related_applications": false,
  "edge_side_panel": {
    "preferred_width": 400
  },
  "launch_handler": {
    "client_mode": "navigate-existing"
  }
}